{
  "properties": {
    "connectionReferences": {
      "shared_powerbi": {
        "runtimeSource": "invoker",
        "connection": {
          "connectionReferenceLogicalName": "dnt_sharedpowerbi_164d3"
        },
        "api": {
          "name": "shared_powerbi"
        }
      },
      "shared_dnt-5fphone-20number-20cleaner-5f4b59b1f49497d278": {
        "runtimeSource": "invoker",
        "connection": {
          "connectionReferenceLogicalName": "new_shareddnt5fphone20number20cleaner5f4b59b1f49497d278_1ce26"
        },
        "api": {
          "name": "shared_dnt-5fphone-20number-20cleaner-5f4b59b1f49497d278",
          "logicalName": "dnt_5Fphone-20number-20cleaner"
        }
      }
    },
    "definition": {
      "$schema": "https://schema.management.azure.com/providers/Microsoft.Logic/schemas/2016-06-01/workflowdefinition.json#",
      "contentVersion": "1.0.0.0",
      "parameters": {
        "$connections": {
          "defaultValue": {},
          "type": "Object"
        },
        "$authentication": {
          "defaultValue": {},
          "type": "SecureObject"
        }
      },
      "triggers": {
        "manual": {
          "metadata": {
            "operationMetadataId": "dcf688c2-9060-4626-a948-f38b7d38947d"
          },
          "type": "Request",
          "kind": "Button",
          "inputs": {
            "schema": {
              "type": "object",
              "properties": {},
              "required": []
            }
          }
        }
      },
      "actions": {
        "Run_a_query_against_a_dataset": {
          "runAfter": {},
          "metadata": {
            "operationMetadataId": "e5ea6e27-dcb0-4e2b-9c78-a1ba9535e584"
          },
          "type": "OpenApiConnection",
          "inputs": {
            "host": {
              "connectionName": "shared_powerbi",
              "operationId": "ExecuteDatasetQuery",
              "apiId": "/providers/Microsoft.PowerApps/apis/shared_powerbi"
            },
            "parameters": {
              "groupid": "myworkspace",
              "datasetid": "e44284e5-c5fc-4602-8a02-040fa32cd7d5",
              "specification/query": "EVALUATE\nSELECTCOLUMNS(\n    ADDCOLUMNS(\n        'qryWomenSupport_SCReport',\n        // First non-blank phone across Phone 1..3\n        \"Phone_Std\",\n            COALESCE(\n                'qryWomenSupport_SCReport'[Phone 1],\n                'qryWomenSupport_SCReport'[Phone 2],\n                'qryWomenSupport_SCReport'[Phone 3]\n            ),\n        // Simple address pick: Address 1, else Address 2, else Suburb\n        \"Address_Std\",\n            COALESCE(\n                'qryWomenSupport_SCReport'[Address 1],\n                'qryWomenSupport_SCReport'[Address 2],\n                'qryWomenSupport_SCReport'[Suburb]\n            ),\n        // Mapping Services > Service_type\n        \"Service_type_Std\",\n            'qryWomenSupport_SCReport'[Services]\n    ),\n    \"Name\", 'qryWomenSupport_SCReport'[Name],\n    \"Address\", [Address_Std],\n    \"Phone\", [Phone_Std],\n    \"Service_type\", [Service_type_Std],\n    \"Website\", 'qryWomenSupport_SCReport'[Website]\n)\n",
              "specification/serializerSettings/includeNulls": false
            },
            "authentication": {
              "type": "Raw",
              "value": "@json(decodeBase64(triggerOutputs().headers['X-MS-APIM-Tokens']))['$ConnectionKey']"
            }
          }
        },
        "Parse_JSON": {
          "runAfter": {
            "Run_a_query_against_a_dataset": [
              "Succeeded"
            ]
          },
          "metadata": {
            "operationMetadataId": "ddc77d09-0f81-4c32-a0a8-5f19f07eaeae"
          },
          "type": "ParseJson",
          "inputs": {
            "content": "@outputs('Run_a_query_against_a_dataset')?['body/firstTableRows']",
            "schema": {
              "type": "array",
              "items": {
                "type": "object",
                "properties": {
                  "[Name]": {
                    "type": [
                      "string",
                      "null"
                    ]
                  },
                  "[Address]": {
                    "type": [
                      "string",
                      "null"
                    ]
                  },
                  "[Phone]": {
                    "type": [
                      "string",
                      "null"
                    ]
                  },
                  "[Service_type]": {
                    "type": [
                      "string",
                      "null"
                    ]
                  },
                  "[Website]": {
                    "type": [
                      "string",
                      "null"
                    ]
                  }
                },
                "additionalProperties": true
              }
            }
          }
        },
        "Apply_to_each": {
          "foreach": "@body('Parse_JSON')",
          "actions": {
            "Clean_phone_number": {
              "runAfter": {},
              "metadata": {
                "operationMetadataId": "7e7c6bc9-70ee-4b4c-9d84-508894928201"
              },
              "type": "OpenApiConnection",
              "inputs": {
                "host": {
                  "connectionName": "shared_dnt-5fphone-20number-20cleaner-5f4b59b1f49497d278",
                  "operationId": "cleanPhone",
                  "apiId": "/providers/Microsoft.PowerApps/apis/shared_dnt-5fphone-20number-20cleaner-5f4b59b1f49497d278"
                },
                "parameters": {
                  "body/phone": "@coalesce(items('Apply_to_each')?['[Phone]'],'')"
                },
                "authentication": {
                  "type": "Raw",
                  "value": "@json(decodeBase64(triggerOutputs().headers['X-MS-APIM-Tokens']))['$ConnectionKey']"
                }
              }
            },
            "Scope_-Try_HTTP": {
              "actions": {
                "HTTP": {
                  "runAfter": {},
                  "metadata": {
                    "operationMetadataId": "f774834d-13d7-4984-bcde-2b959a060519"
                  },
                  "type": "Http",
                  "inputs": {
                    "method": "POST",
                    "uri": "https://redcapdemo.vumc.org/api/",
                    "headers": {
                      "Content-Type": "application/x-www-form-urlencoded"
                    },
                    "body": "@concat(\n  'token=2AB307D4080D4D0548AD625811F23AC7',\n  '&content=record',\n  '&format=json',\n  '&type=flat',\n  '&overwriteBehavior=normal',\n  '&returnContent=ids',\n  '&returnFormat=json',\n  '&data=[{\"record_id\":\"', guid(),\n  '\",\"name\":\"', coalesce(items('Apply_to_each')?['[Name]'],''), \n  '\",\"address\":\"', coalesce(items('Apply_to_each')?['[Address]'],''), \n  '\",\"phone\":\"', outputs('Clean_phone_number')?['body/cleanedPhone'], \n  '\",\"service_type\":\"', coalesce(items('Apply_to_each')?['[Service_type]'],''), \n  '\",\"website\":\"', coalesce(items('Apply_to_each')?['[Website]'],''), \n  '\"}]'\n)\n"
                  },
                  "runtimeConfiguration": {
                    "contentTransfer": {
                      "transferMode": "Chunked"
                    }
                  }
                }
              },
              "runAfter": {
                "Clean_phone_number": [
                  "Succeeded"
                ]
              },
              "metadata": {
                "operationMetadataId": "0aae49cd-5330-429f-ae97-e1e5fb49a985"
              },
              "type": "Scope"
            },
            "Scope_-_HTTP_Error": {
              "actions": {
                "Compose": {
                  "runAfter": {},
                  "metadata": {
                    "operationMetadataId": "961fddfa-c465-4304-9bdc-0785527ee02d"
                  },
                  "type": "Compose",
                  "inputs": "@{items('Apply_to_each')}\n"
                }
              },
              "runAfter": {
                "Scope_-Try_HTTP": [
                  "Succeeded",
                  "Failed",
                  "TimedOut"
                ]
              },
              "metadata": {
                "operationMetadataId": "a9b9842d-637f-4761-bb9a-f9a6547f471d"
              },
              "type": "Scope"
            }
          },
          "runAfter": {
            "Parse_JSON": [
              "Succeeded"
            ]
          },
          "metadata": {
            "operationMetadataId": "18cf2292-b695-40d9-ac90-7710f065884f"
          },
          "type": "Foreach"
        },
        "Terminate": {
          "runAfter": {
            "Apply_to_each": [
              "Succeeded"
            ]
          },
          "metadata": {
            "operationMetadataId": "b56c3fe8-3073-43d7-a02c-bb2dc5286dd3"
          },
          "type": "Terminate",
          "inputs": {
            "runStatus": "Succeeded"
          }
        }
      },
      "outputs": {}
    },
    "templateName": ""
  },
  "schemaVersion": "1.0.0.0"
}