<ImportExportXml xmlns:xsi="http://www.w3.org/2001/XMLSchema-instance" OrganizationVersion="9.2.25073.188" OrganizationSchemaType="Standard" CRMServerServiceabilityVersion="9.2.25073.00188">
  <Entities></Entities>
  <Roles></Roles>
  <Workflows>
    <Workflow WorkflowId="{73e7f70d-c576-f011-b4cc-7c1e522b1bcb}" Name="Pull_Filter_Format_Upload_Flow">
      <JsonFileName>/Workflows/Pull_Filter_Format_Upload_Flow-73E7F70D-C576-F011-B4CC-7C1E522B1BCB.json</JsonFileName>
      <Type>1</Type>
      <Subprocess>0</Subprocess>
      <Category>5</Category>
      <Mode>0</Mode>
      <Scope>4</Scope>
      <OnDemand>0</OnDemand>
      <TriggerOnCreate>0</TriggerOnCreate>
      <TriggerOnDelete>0</TriggerOnDelete>
      <AsyncAutodelete>0</AsyncAutodelete>
      <SyncWorkflowLogOnFailure>0</SyncWorkflowLogOnFailure>
      <StateCode>1</StateCode>
      <StatusCode>2</StatusCode>
      <RunAs>1</RunAs>
      <IsTransacted>1</IsTransacted>
      <IntroducedVersion>1.0</IntroducedVersion>
      <IsCustomizable>1</IsCustomizable>
      <BusinessProcessType>0</BusinessProcessType>
      <IsCustomProcessingStepAllowedForOtherPublishers>1</IsCustomProcessingStepAllowedForOtherPublishers>
      <ModernFlowType>0</ModernFlowType>
      <PrimaryEntity>none</PrimaryEntity>
      <LocalizedNames>
        <LocalizedName languagecode="1033" description="Pull_Filter_Format_Upload_Flow" />
      </LocalizedNames>
    </Workflow>
  </Workflows>
  <FieldSecurityProfiles></FieldSecurityProfiles>
  <Templates />
  <EntityMaps />
  <EntityRelationships />
  <OrganizationSettings />
  <optionsets />
  <CustomControls />
  <EntityDataProviders />
  <Connectors>
    <Connector>
      <connectorid>b55512bd-2260-4ef9-bb58-42659b8ddd3d</connectorid>
      <description></description>
      <displayname>Phone Number Cleaner</displayname>
      <iconbrandcolor>#007ee5</iconbrandcolor>
      <name>dnt_5Fphone-20number-20cleaner</name>
      <connectortype>1</connectortype>
      <openapidefinition>/Connector/dnt_5Fphone-20number-20cleaner_openapidefinition.json</openapidefinition>
      <connectionparameters>/Connector/dnt_5Fphone-20number-20cleaner_connectionparameters.json</connectionparameters>
      <policytemplateinstances>/Connector/dnt_5Fphone-20number-20cleaner_policytemplateinstances.json</policytemplateinstances>
      <iconblob>/Connector/dnt_5Fphone-20number-20cleaner_iconblob.Png</iconblob>
    </Connector>
  </Connectors>
  <connectionreferences>
    <connectionreference connectionreferencelogicalname="dnt_sharedpowerbi_164d3">
      <connectionreferencedisplayname>Power BI WomenSupport_Automation-164d3</connectionreferencedisplayname>
      <connectorid>/providers/Microsoft.PowerApps/apis/shared_powerbi</connectorid>
      <iscustomizable>1</iscustomizable>
      <promptingbehavior>0</promptingbehavior>
      <statecode>0</statecode>
      <statuscode>1</statuscode>
    </connectionreference>
    <connectionreference connectionreferencelogicalname="new_shareddnt5fphone20number20cleaner5f4b59b1f49497d278_1ce26">
      <connectionreferencedisplayname>Phone Number Cleaner</connectionreferencedisplayname>
      <connectorid>/providers/Microsoft.PowerApps/apis/shared_dnt-5fphone-20number-20cleaner-5f4b59b1f49497d278</connectorid>
      <customconnectorid>
        <connectorid>b55512bd-2260-4ef9-bb58-42659b8ddd3d</connectorid>
      </customconnectorid>
      <iscustomizable>1</iscustomizable>
      <promptingbehavior>0</promptingbehavior>
      <statecode>0</statecode>
      <statuscode>1</statuscode>
    </connectionreference>
  </connectionreferences>
  <Languages>
    <Language>1033</Language>
  </Languages>
</ImportExportXml>